Name,Image,price,quantity,sold
 Đắc nhân tâm - Dale Carnegie ,https://images.careerbuilder.vn/content/images/sach-hay-careerbuilder-1.jpg,100000,10,3
Không Diệt Không Sinh Đừng Sợ Hãi - Bìa Cứng - Phiên Bản Đặc Biệt - Tặng Kèm Postcard + Bút Chì Khắc Tên Sách (Độc Quyền Tại Fahasa),https://cdn0.fahasa.com/media/catalog/product/z/4/z4635487376781_5f7b28f99f2375c670f627e4e1822c15.jpg,240000,10,2
Đạo Phật Hiện Đại Hóa,https://cdn0.fahasa.com/media/catalog/product/d/a/dao-phat-hien-dai-hoa_bia-1.jpg,98100,10,2
Đi Gặp Mùa Xuân - Hành Trạng Thiền Sư Thích Nhất Hạnh,https://cdn0.fahasa.com/media/catalog/product/d/i/di-gap-mua-xuan_bia-1-1.jpg,305150,10,3
BlueLock - Tập 15 - Tặng Kèm Card PVC + Standee Ivory,https://cdn0.fahasa.com/media/catalog/product/b/l/bluelock_ban-thuong_qua-tang-kem_tap-15.jpg,31500,10,2
Chú Thuật Hồi Chiến - Tập 17 - Limited Edition - Tặng Kèm Bọc Bảo Vệ Sách,https://cdn0.fahasa.com/media/catalog/product/c/h/chu-thuat-hoi-chien_ban-dac-biet_bia-tang-kem_tap-17.jpg,65000,10,2
Chú Thuật Hồi Chiến - Tập 17: Ngậm Ngọn Cỏ Lau - Tặng Kèm Obi + Thẻ Bo Góc Nhựa,https://cdn0.fahasa.com/media/catalog/product/c/h/chu-thuat-hoi-chien_ban-thuong_bia_card_tap-17.jpg,28500,10,1
Chú Thuật Hồi Chiến - Tập 13: Biến Cố Shibuya - Sấm Rền - Tặng Kèm Obi + Thẻ Bo Góc Nhựa,https://cdn0.fahasa.com/media/catalog/product/z/4/z4361291178212_d06431fe067d0fa2a1dbc658064c96f4.jpg,28500,10,1
Atlat Địa lí Việt Nam (Theo Chương Trình Giáo Dục Phổ Thông 2018) (2023),https://cdn0.fahasa.com/media/catalog/product/a/t/atlat.jpg,26350,10,1
Mùa Hè Không Tên - Tặng Kèm Bookmark 2 Mặt + Poster Tranh + Chữ Ký Tác Giả Ngẫu Nhiên,https://cdn0.fahasa.com/media/catalog/product/m/u/mua-he-khong-ten---bia-mem---qua-tang-kem-1.jpg,117000,10,2
Mùa Hè Không Tên - Bìa Cứng - Tặng Kèm Bookmark 2 Mặt + Poster Tranh + Lót Ly Ngẫu Nhiên + Chữ Ký Tác Giả Ngẫu Nhiên,https://cdn0.fahasa.com/media/catalog/product/m/u/mua-he-khong-ten---bia-cung---qua-tang-kem-1.jpg,207000,10,2
Thiệp Chúc Mừng Ngày Phụ Nữ Việt Nam - Happy Women Day 20.10 - Gia Long GL-2093,https://cdn0.fahasa.com/media/catalog/product/8/9/8936073190268-mau1.jpg,6173,10,2
Soul Eater - Perfect Edition - Tập 1,https://cdn0.fahasa.com/media/catalog/product/n/x/nxbtre_full_06312023_113157.jpg,90250,10,3
Công Chúa Ngủ Trong Lâu Đài Quỷ - Tập 1 - Tặng Kèm Sticker Bế Hình Nhân Vật + Poster A3,https://cdn0.fahasa.com/media/catalog/product/z/4/z4697871329358_45710e2dd7665647c32d5c5b256e711f.jpg,46750,10,1
Từng Bước Nở Hoa Sen (Tái Bản 2019),https://cdn0.fahasa.com/media/wysiwyg/hieu_kd/FrameNCCT923_1080x1080.png,48750,10,2
Thiền Sư Và Em Bé 5 Tuổi,https://cdn0.fahasa.com/media/wysiwyg/hieu_kd/FrameNCCT923_1080x1080.png,78000,10,2
12 Quy Luật Cuộc Đời: Thần Dược Cho Cuộc Sống Hiện Đại,https://cdn0.fahasa.com/media/wysiwyg/hieu_kd/FrameNCCT923_1080x1080.png,195000,10,1
Vì Sao Phật Giáo Giàu Chân Lý - Why Buddhism Is True,https://cdn0.fahasa.com/media/catalog/product/z/3/z3263677782086_811670583d0d4bc1376b4a73eb65ca8a.jpg,169000,10,2
"7 Câu Hỏi ""Thần Kỳ"" Của Mọi Sếp Giỏi",https://cdn0.fahasa.com/media/catalog/product/i/m/image_195509_1_47747.jpg,97500,10,1
Trải Nghiệm Khách Hàng Xuất Sắc,https://cdn0.fahasa.com/media/wysiwyg/hieu_kd/FrameNCCT923_1080x1080.png,162000,10,2
Làm Mới Vườn Tâm,https://cdn0.fahasa.com/media/catalog/product/l/_/l_m-m_i-v_n-t_m---b_a-1.jpg,71500,10,5
Cha Voi: Dạy Con Nên Người Ở Thời Đại Số,https://cdn0.fahasa.com/media/wysiwyg/hieu_kd/FrameNCCT923_1080x1080.png,97500,10,3
30 Tuổi - Mọi Thứ Chỉ Mới Bắt Đầu,https://cdn0.fahasa.com/media/wysiwyg/hieu_kd/FrameNCCT923_1080x1080.png,87750,10,4
Kỹ Năng Bán Hàng Tuyệt Đỉnh (Tái Bản 2022),https://cdn0.fahasa.com/media/wysiwyg/hieu_kd/FrameNCCT923_1080x1080.png,78000,10,3
,,,,
