path,DetailProductId 
https://salt.tikicdn.com/cache/368x368/ts/product/47/05/40/ee3acc4b88f6d464a97b8edc285807bf.jpg.webp,1
https://salt.tikicdn.com/cache/368x368/ts/product/cd/d4/e3/19ceb9834e9e15c47bb53109eadf043e.jpg.webp,1
https://salt.tikicdn.com/cache/368x368/ts/product/ab/c5/1d/f6e02341717b535cca60ac71084bd36b.jpg.webp,1
https://salt.tikicdn.com/cache/368x368/ts/product/56/73/a3/c8c10cd4059057676bb872cf20927b6d.jpg.webp,1
https://salt.tikicdn.com/cache/368x368/ts/product/7d/e9/85/bb8ccb30ddc33d7170ad95fe4eab33e5.jpg.webp,1
https://cdn0.fahasa.com/media/catalog/product/z/4/z4612210309709_54201737eeb4b25ef016430b433676ac-1_2.jpg,2
https://cdn0.fahasa.com/media/catalog/product/z/4/z4612210309709_54201737eeb4b25ef016430b433676ac-2_2.jpg?_gl=1*e5gar8*_ga*MTc1MzQxNjM2MS4xNjk1MjI3MDgw*_ga_460L9JMC2G*MTY5NjA3OTgxNS43LjEuMTY5NjA3OTk5Ni41MC4wLjA.,2
https://cdn0.fahasa.com/media/catalog/product/z/4/z4612195278656_535dd2728f17762d5539c04659f20dc2_2.jpg,2
https://cdn0.fahasa.com/media/flashmagazine/images/page_images/khong_diet_khong_sinh_dung_so_hai___bia_cung___phien_ban_dac_biet___tang_kem_postcard_but_chi_khac_ten_sach_doc_quyen_tai_fahasa/2023_09_28_17_05_34_1-390x510.jpg,2
https://cdn0.fahasa.com/media/catalog/product/z/4/z4612195278656_535dd2728f17762d5539c04659f20dc2_2.jpg,2
https://cdn0.fahasa.com/media/catalog/product/d/a/dao_phat_hien_dai_hoa_bia_1.jpg?_gl=1*q0mcn5*_ga*MTc1MzQxNjM2MS4xNjk1MjI3MDgw*_ga_460L9JMC2G*MTY5NjA3OTgxNS43LjEuMTY5NjA4MDEwNi40OS4wLjA.,3
https://cdn0.fahasa.com/media/catalog/product/d/a/dao_phat_hien_dai_hoa__bia_4.jpg,3
https://cdn0.fahasa.com/media/catalog/product/d/a/dao-phat-hien-dai-hoa_bia-1.jpg,3
https://cdn0.fahasa.com/media/catalog/product/d/i/di_gap_mua_xuan_bia_4.jpg,4
https://cdn0.fahasa.com/media/catalog/product/d/i/di_gap_mua_xuan_bia_1.jpg,4
https://cdn0.fahasa.com/media/catalog/product/d/i/di_gap_mua_xuan_bia_4.jpg,4
https://cdn0.fahasa.com/media/catalog/product/b/l/bluelock_ban-thuong_qua-tang-kem_tap-15.jpg?_gl=1*5wktms*_ga*MTc1MzQxNjM2MS4xNjk1MjI3MDgw*_ga_460L9JMC2G*MTY5NjA3OTgxNS43LjEuMTY5NjA4MDIwNC4xNC4wLjA.,5
https://cdn0.fahasa.com/media/catalog/product/b/l/bluelock_ban_thuong_qua_tang_kem_tap_15.jpg,5
https://cdn0.fahasa.com/media/catalog/product/b/l/bluelock_ban_thuong_bia_tap_15.jpg,5
https://cdn0.fahasa.com/media/catalog/product/b/l/bluelock_ban_thuong_pvc_card_tap_15.png,5
https://cdn0.fahasa.com/media/catalog/product/c/h/chu-thuat-hoi-chien_ban-dac-biet_bia-tang-kem_tap-17.jpg,6
https://cdn0.fahasa.com/media/catalog/product/c/h/chu_thuat_hoi_chien_ban_dac_biet_bia_tang_kem_tap_17.jpg,6
https://cdn0.fahasa.com/media/catalog/product/c/h/chu_thuat_hoi_chien_ban_dac_biet_bia_tap_17.jpg,6
https://cdn0.fahasa.com/media/catalog/product/c/h/chu-thuat-hoi-chien_ban-thuong_bia_card_tap-17.jpg,7
https://cdn0.fahasa.com/media/catalog/product/c/h/chu_thuat_hoi_chien_ban_thuong_bia_card_tap_17.jpg,7
https://cdn0.fahasa.com/media/catalog/product/c/h/chu_thuat_hoi_chien_ban_thuong_bia_obi_tap_17.jpg,7
https://cdn0.fahasa.com/media/catalog/product/c/h/chu_thuat_hoi_chien_ban_thuong_bia_tap_17.jpg,7
https://cdn0.fahasa.com/media/catalog/product/z/4/z4361291178212_d06431fe067d0fa2a1dbc658064c96f4.jpg,8
https://cdn0.fahasa.com/media/catalog/product/c/h/chu_thuat_hoi_chien_b_a_obi_tap_13_ban_thuong_.jpg,8
https://cdn0.fahasa.com/media/catalog/product/c/h/chu_thuat_hoi_chien_bia_tap_13.jpg,8
https://cdn0.fahasa.com/media/catalog/product/c/h/chu_thuat_hoi_chien_the_bo_goc_tap_13.jpg,8
https://cdn0.fahasa.com/media/catalog/product/a/t/atlat.jpg,9
https://cdn0.fahasa.com/media/catalog/product/m/u/mua-he-khong-ten---bia-mem---qua-tang-kem-1.jpg,10
https://cdn0.fahasa.com/media/catalog/product/m/u/mua-he-khong-ten---bia-mem---3d.jpg?_gl=1*vndxxo*_ga*MTc1MzQxNjM2MS4xNjk1MjI3MDgw*_ga_460L9JMC2G*MTY5NjMyMjUxMi4xMy4xLjE2OTYzMjI5MjguMzkuMC4w,10
https://cdn0.fahasa.com/media/catalog/product/m/u/mua-he-khong-ten---bia-mem.jpg,10
https://cdn0.fahasa.com/media/catalog/product/b/o/bookmak_1_1.jpg,10
https://cdn0.fahasa.com/media/catalog/product/b/o/bookmak_2_3.jpg,10
https://cdn0.fahasa.com/media/catalog/product/p/o/poster___tranh.jpg,10
https://cdn0.fahasa.com/media/flashmagazine/images/page_images/mua_he_khong_ten___tang_kem_bookmark_2_mat_poster_tranh_chu_ky_tac_gia_ngau_nhien/2023_09_26_16_31_41_1-390x510.png,10
https://cdn0.fahasa.com/media/flashmagazine/images/page_images/mua_he_khong_ten___tang_kem_bookmark_2_mat_poster_tranh_chu_ky_tac_gia_ngau_nhien/2023_09_26_16_31_41_2-390x510.png,10
https://cdn0.fahasa.com/media/flashmagazine/images/page_images/mua_he_khong_ten___tang_kem_bookmark_2_mat_poster_tranh_chu_ky_tac_gia_ngau_nhien/2023_09_26_16_31_41_3-390x510.png,10
https://cdn0.fahasa.com/media/flashmagazine/images/page_images/mua_he_khong_ten___tang_kem_bookmark_2_mat_poster_tranh_chu_ky_tac_gia_ngau_nhien/2023_09_26_16_31_41_4-390x510.png,10
https://cdn0.fahasa.com/media/flashmagazine/images/page_images/mua_he_khong_ten___tang_kem_bookmark_2_mat_poster_tranh_chu_ky_tac_gia_ngau_nhien/2023_09_26_16_31_41_5-390x510.png,10
https://cdn0.fahasa.com/media/flashmagazine/images/page_images/mua_he_khong_ten___tang_kem_bookmark_2_mat_poster_tranh_chu_ky_tac_gia_ngau_nhien/2023_09_26_16_31_41_6-390x510.png,10
https://cdn0.fahasa.com/media/flashmagazine/images/page_images/mua_he_khong_ten___tang_kem_bookmark_2_mat_poster_tranh_chu_ky_tac_gia_ngau_nhien/2023_09_26_16_31_41_9-390x510.png,10
https://cdn0.fahasa.com/media/flashmagazine/images/page_images/mua_he_khong_ten___tang_kem_bookmark_2_mat_poster_tranh_chu_ky_tac_gia_ngau_nhien/2023_09_26_16_31_41_10-390x510.png,10
https://cdn0.fahasa.com/media/flashmagazine/images/page_images/mua_he_khong_ten___tang_kem_bookmark_2_mat_poster_tranh_chu_ky_tac_gia_ngau_nhien/2023_09_26_16_31_41_11-390x510.png,10
https://cdn0.fahasa.com/media/flashmagazine/images/page_images/mua_he_khong_ten___tang_kem_bookmark_2_mat_poster_tranh_chu_ky_tac_gia_ngau_nhien/2023_09_26_16_31_41_12-390x510.png,10
https://cdn0.fahasa.com/media/flashmagazine/images/page_images/mua_he_khong_ten___tang_kem_bookmark_2_mat_poster_tranh_chu_ky_tac_gia_ngau_nhien/2023_09_26_16_31_41_13-390x510.png,10
https://cdn0.fahasa.com/media/flashmagazine/images/page_images/mua_he_khong_ten___tang_kem_bookmark_2_mat_poster_tranh_chu_ky_tac_gia_ngau_nhien/2023_09_26_16_31_41_14-390x510.png,10
https://cdn0.fahasa.com/media/flashmagazine/images/page_images/mua_he_khong_ten___tang_kem_bookmark_2_mat_poster_tranh_chu_ky_tac_gia_ngau_nhien/2023_09_26_16_31_41_15-390x510.png,10
https://cdn0.fahasa.com/media/catalog/product/m/u/mua-he-khong-ten---bia-cung---3d.jpg,11
https://cdn0.fahasa.com/media/catalog/product/m/u/mua-he-khong-ten---bia-cung.jpg,11
https://cdn0.fahasa.com/media/catalog/product/m/u/mua-he-khong-ten---bia-cung.jpg,11
https://cdn0.fahasa.com/media/catalog/product/b/o/bookmak_2_4.jpg,11
https://cdn0.fahasa.com/media/catalog/product/p/o/poster___tranh_1.jpg,11
https://cdn0.fahasa.com/media/catalog/product/l/o/lot_ly_2_1.jpg,11
https://cdn0.fahasa.com/media/catalog/product/l/o/lot_ly_1_1.jpg,11
https://cdn0.fahasa.com/media/flashmagazine/images/page_images/mua_he_khong_ten___bia_cung___tang_kem_bookmark_2_mat_poster_tranh_lot_ly_ngau_nhien_chu_ky_tac_gia_ngau_nhien/2023_09_26_16_31_41_1-390x510.png,11
https://cdn0.fahasa.com/media/flashmagazine/images/page_images/mua_he_khong_ten___bia_cung___tang_kem_bookmark_2_mat_poster_tranh_lot_ly_ngau_nhien_chu_ky_tac_gia_ngau_nhien/2023_09_26_16_31_41_2-390x510.png,11
https://cdn0.fahasa.com/media/flashmagazine/images/page_images/mua_he_khong_ten___bia_cung___tang_kem_bookmark_2_mat_poster_tranh_lot_ly_ngau_nhien_chu_ky_tac_gia_ngau_nhien/2023_09_26_16_31_41_3-390x510.png,11
https://cdn0.fahasa.com/media/flashmagazine/images/page_images/mua_he_khong_ten___bia_cung___tang_kem_bookmark_2_mat_poster_tranh_lot_ly_ngau_nhien_chu_ky_tac_gia_ngau_nhien/2023_09_26_16_31_41_4-390x510.png,11
https://cdn0.fahasa.com/media/flashmagazine/images/page_images/mua_he_khong_ten___bia_cung___tang_kem_bookmark_2_mat_poster_tranh_lot_ly_ngau_nhien_chu_ky_tac_gia_ngau_nhien/2023_09_26_16_31_41_5-390x510.png,11
https://cdn0.fahasa.com/media/flashmagazine/images/page_images/mua_he_khong_ten___bia_cung___tang_kem_bookmark_2_mat_poster_tranh_lot_ly_ngau_nhien_chu_ky_tac_gia_ngau_nhien/2023_09_26_16_31_41_6-390x510.png,11
https://cdn0.fahasa.com/media/flashmagazine/images/page_images/mua_he_khong_ten___bia_cung___tang_kem_bookmark_2_mat_poster_tranh_lot_ly_ngau_nhien_chu_ky_tac_gia_ngau_nhien/2023_09_26_16_31_41_6-390x510.png,11
https://cdn0.fahasa.com/media/flashmagazine/images/page_images/mua_he_khong_ten___bia_cung___tang_kem_bookmark_2_mat_poster_tranh_lot_ly_ngau_nhien_chu_ky_tac_gia_ngau_nhien/2023_09_26_16_31_41_8-390x510.png,11
https://cdn0.fahasa.com/media/flashmagazine/images/page_images/mua_he_khong_ten___bia_cung___tang_kem_bookmark_2_mat_poster_tranh_lot_ly_ngau_nhien_chu_ky_tac_gia_ngau_nhien/2023_09_26_16_31_41_9-390x510.png,11
https://cdn0.fahasa.com/media/flashmagazine/images/page_images/mua_he_khong_ten___bia_cung___tang_kem_bookmark_2_mat_poster_tranh_lot_ly_ngau_nhien_chu_ky_tac_gia_ngau_nhien/2023_09_26_16_31_41_10-390x510.png,11
https://cdn0.fahasa.com/media/flashmagazine/images/page_images/mua_he_khong_ten___bia_cung___tang_kem_bookmark_2_mat_poster_tranh_lot_ly_ngau_nhien_chu_ky_tac_gia_ngau_nhien/2023_09_26_16_31_41_11-390x510.png,11
https://cdn0.fahasa.com/media/catalog/product/8/9/8936073190268-mau1.jpg?_gl=1*f4u7l*_ga*MTc1MzQxNjM2MS4xNjk1MjI3MDgw*_ga_460L9JMC2G*MTY5NjMyMjUxMi4xMy4xLjE2OTYzMjMyNzQuNTUuMC4w,12
https://cdn0.fahasa.com/media/catalog/product/8/9/8936073190268-mau1-_3_.jpg,12
https://cdn0.fahasa.com/media/catalog/product/8/9/8936073190268-mau1-_2_.jpg,12
https://cdn0.fahasa.com/media/catalog/product/8/9/8936073190268-mau1-_5_.jpg,12
https://cdn0.fahasa.com/media/catalog/product/n/x/nxbtre_full_06312023_113157.jpg?_gl=1*w85k2n*_ga*MTc1MzQxNjM2MS4xNjk1MjI3MDgw*_ga_460L9JMC2G*MTY5NjMyMjUxMi4xMy4xLjE2OTYzMjMzMzUuNTcuMC4w,13
https://cdn0.fahasa.com/media/catalog/product/n/x/nxbtre_full_06312023_113157_1.jpg,13
https://cdn0.fahasa.com/media/catalog/product/z/4/z4697871329358_45710e2dd7665647c32d5c5b256e711f.jpg?_gl=1*mv0gxx*_ga*MTc1MzQxNjM2MS4xNjk1MjI3MDgw*_ga_460L9JMC2G*MTY5NjMyMjUxMi4xMy4xLjE2OTYzMjMzNjguMjQuMC4w,14
https://cdn0.fahasa.com/media/catalog/product/z/4/z4697871329350_7a1db20780e01b86becfa7ca014fb0ab_3.jpg,14
https://cdn0.fahasa.com/media/catalog/product/z/4/z4697871311680_88e85f52b189c4ba8d0410c5260d9c4e_2.jpg,14
https://cdn0.fahasa.com/media/catalog/product/z/4/z4697871339827_55872811ff08b8be6e988186e918b2b5.jpg,14
https://cdn0.fahasa.com/media/catalog/product/i/m/image_189318.jpg?_gl=1*19t0tbz*_ga*MTc1MzQxNjM2MS4xNjk1MjI3MDgw*_ga_460L9JMC2G*MTY5NjMyMjUxMi4xMy4xLjE2OTYzMjM0MTAuNTcuMC4w,15
https://cdn0.fahasa.com/media/flashmagazine/images/page_images/tung_buoc_no_hoa_sen_tai_ban_2019/2020_04_10_09_52_43_1-390x510.jpg,15
https://cdn0.fahasa.com/media/flashmagazine/images/page_images/tung_buoc_no_hoa_sen_tai_ban_2019/2020_04_10_09_52_43_2-390x510.jpg,15
https://cdn0.fahasa.com/media/flashmagazine/images/page_images/tung_buoc_no_hoa_sen_tai_ban_2019/2020_04_10_09_52_43_3-390x510.jpg,15
https://cdn0.fahasa.com/media/flashmagazine/images/page_images/tung_buoc_no_hoa_sen_tai_ban_2019/2020_04_10_09_52_43_4-390x510.jpg,15
https://cdn0.fahasa.com/media/flashmagazine/images/page_images/tung_buoc_no_hoa_sen_tai_ban_2019/2020_04_10_09_52_43_5-390x510.jpg,15
https://cdn0.fahasa.com/media/flashmagazine/images/page_images/tung_buoc_no_hoa_sen_tai_ban_2019/2020_04_10_09_52_43_6-390x510.jpg,15
https://cdn0.fahasa.com/media/flashmagazine/images/page_images/tung_buoc_no_hoa_sen_tai_ban_2019/2020_04_10_09_52_43_7-390x510.jpg,15
https://cdn0.fahasa.com/media/flashmagazine/images/page_images/tung_buoc_no_hoa_sen_tai_ban_2019/2020_04_10_09_52_43_8-390x510.jpg,15
https://cdn0.fahasa.com/media/flashmagazine/images/page_images/tung_buoc_no_hoa_sen_tai_ban_2019/2020_04_10_09_52_43_9-390x510.jpg,15
https://cdn0.fahasa.com/media/flashmagazine/images/page_images/tung_buoc_no_hoa_sen_tai_ban_2019/2020_04_10_09_52_43_10-390x510.jpg,15
https://cdn0.fahasa.com/media/flashmagazine/images/page_images/tung_buoc_no_hoa_sen_tai_ban_2019/2020_04_10_09_52_43_11-390x510.jpg,15
https://cdn0.fahasa.com/media/flashmagazine/images/page_images/tung_buoc_no_hoa_sen_tai_ban_2019/2020_04_10_09_52_43_12-390x510.jpg,15
https://cdn0.fahasa.com/media/flashmagazine/images/page_images/tung_buoc_no_hoa_sen_tai_ban_2019/2020_04_10_09_52_43_13-390x510.jpg,15
https://cdn0.fahasa.com/media/flashmagazine/images/page_images/tung_buoc_no_hoa_sen_tai_ban_2019/2020_04_10_09_52_43_14-390x510.jpg,15
https://cdn0.fahasa.com/media/flashmagazine/images/page_images/tung_buoc_no_hoa_sen_tai_ban_2019/2020_04_10_09_52_43_15-390x510.jpg,15
https://cdn0.fahasa.com/media/flashmagazine/images/page_images/tung_buoc_no_hoa_sen_tai_ban_2019/2020_04_10_09_52_43_16-390x510.jpg,15
https://cdn0.fahasa.com/media/flashmagazine/images/page_images/tung_buoc_no_hoa_sen_tai_ban_2019/2020_04_10_09_52_43_17-390x510.jpg,15
https://cdn0.fahasa.com/media/flashmagazine/images/page_images/thien_su_va_em_be_5_tuoi/2020_10_10_12_34_26_1-390x510.jpg?_gl=1*t5bt4h*_ga*MTc1MzQxNjM2MS4xNjk1MjI3MDgw*_ga_460L9JMC2G*MTY5NjMyMjUxMi4xMy4xLjE2OTYzMjM2NzguNTcuMC4w,16
https://cdn0.fahasa.com/media/flashmagazine/images/page_images/thien_su_va_em_be_5_tuoi/2020_10_10_12_34_26_2-390x510.jpg,16
https://cdn0.fahasa.com/media/flashmagazine/images/page_images/thien_su_va_em_be_5_tuoi/2020_10_10_12_34_26_3-390x510.jpg,16
https://cdn0.fahasa.com/media/flashmagazine/images/page_images/thien_su_va_em_be_5_tuoi/2020_10_10_12_34_26_4-390x510.jpg,16
https://cdn0.fahasa.com/media/flashmagazine/images/page_images/thien_su_va_em_be_5_tuoi/2020_10_10_12_34_26_5-390x510.jpg,16
https://cdn0.fahasa.com/media/flashmagazine/images/page_images/thien_su_va_em_be_5_tuoi/2020_10_10_12_34_26_6-390x510.jpg,16
https://cdn0.fahasa.com/media/flashmagazine/images/page_images/thien_su_va_em_be_5_tuoi/2020_10_10_12_34_26_7-390x510.jpg,16
https://cdn0.fahasa.com/media/flashmagazine/images/page_images/thien_su_va_em_be_5_tuoi/2020_10_10_12_34_26_8-390x510.jpg,16
https://cdn0.fahasa.com/media/flashmagazine/images/page_images/thien_su_va_em_be_5_tuoi/2020_10_10_12_34_26_9-390x510.jpg,16
https://cdn0.fahasa.com/media/flashmagazine/images/page_images/thien_su_va_em_be_5_tuoi/2020_10_10_12_34_26_10-390x510.jpg,16
https://cdn0.fahasa.com/media/flashmagazine/images/page_images/thien_su_va_em_be_5_tuoi/2020_10_10_12_34_26_11-390x510.jpg,16
https://cdn0.fahasa.com/media/flashmagazine/images/page_images/thien_su_va_em_be_5_tuoi/2020_10_10_12_34_26_12-390x510.jpg,16
https://cdn0.fahasa.com/media/flashmagazine/images/page_images/thien_su_va_em_be_5_tuoi/2020_10_10_12_34_26_13-390x510.jpg,16
https://cdn0.fahasa.com/media/flashmagazine/images/page_images/12_quy_luat_cuoc_doi_than_duoc_cho_cuoc_song_hien_dai/2020_04_10_10_05_38_1-390x510.jpg?_gl=1*47l3bt*_ga*MTc1MzQxNjM2MS4xNjk1MjI3MDgw*_ga_460L9JMC2G*MTY5NjMyMjUxMi4xMy4xLjE2OTYzMjM3ODcuNTguMC4w,17
https://cdn0.fahasa.com/media/flashmagazine/images/page_images/12_quy_luat_cuoc_doi_than_duoc_cho_cuoc_song_hien_dai/2020_04_10_10_05_38_2-390x510.jpg,17
https://cdn0.fahasa.com/media/flashmagazine/images/page_images/12_quy_luat_cuoc_doi_than_duoc_cho_cuoc_song_hien_dai/2020_04_10_10_05_38_3-390x510.jpg,17
https://cdn0.fahasa.com/media/flashmagazine/images/page_images/12_quy_luat_cuoc_doi_than_duoc_cho_cuoc_song_hien_dai/2020_04_10_10_05_38_4-390x510.jpg,17
https://cdn0.fahasa.com/media/flashmagazine/images/page_images/12_quy_luat_cuoc_doi_than_duoc_cho_cuoc_song_hien_dai/2020_04_10_10_05_38_5-390x510.jpg,17
https://cdn0.fahasa.com/media/flashmagazine/images/page_images/12_quy_luat_cuoc_doi_than_duoc_cho_cuoc_song_hien_dai/2020_04_10_10_05_38_6-390x510.jpg,17
https://cdn0.fahasa.com/media/flashmagazine/images/page_images/12_quy_luat_cuoc_doi_than_duoc_cho_cuoc_song_hien_dai/2020_04_10_10_05_38_7-390x510.jpg,17
https://cdn0.fahasa.com/media/flashmagazine/images/page_images/12_quy_luat_cuoc_doi_than_duoc_cho_cuoc_song_hien_dai/2020_04_10_10_05_38_8-390x510.jpg,17
https://cdn0.fahasa.com/media/flashmagazine/images/page_images/12_quy_luat_cuoc_doi_than_duoc_cho_cuoc_song_hien_dai/2020_04_10_10_05_38_9-390x510.jpg,17
https://cdn0.fahasa.com/media/flashmagazine/images/page_images/12_quy_luat_cuoc_doi_than_duoc_cho_cuoc_song_hien_dai/2020_04_10_10_05_38_10-390x510.jpg,17
https://cdn0.fahasa.com/media/catalog/product/z/3/z3263677782086_811670583d0d4bc1376b4a73eb65ca8a.jpg?_gl=1*1dx2u92*_ga*MTc1MzQxNjM2MS4xNjk1MjI3MDgw*_ga_460L9JMC2G*MTY5NjMyMjUxMi4xMy4xLjE2OTYzMjM5MzguNTguMC4w,18
https://cdn0.fahasa.com/media/flashmagazine/images/page_images/vi_sao_phat_giao_giau_chan_ly___why_buddhism_is_true/2022_06_27_16_14_01_1-390x510.jpg,18
https://cdn0.fahasa.com/media/flashmagazine/images/page_images/vi_sao_phat_giao_giau_chan_ly___why_buddhism_is_true/2022_06_27_16_14_01_2-390x510.jpg,18
https://cdn0.fahasa.com/media/catalog/product/i/m/image_195509_1_47747.jpg?_gl=1*1qbsyal*_ga*MTc1MzQxNjM2MS4xNjk1MjI3MDgw*_ga_460L9JMC2G*MTY5NjMyMjUxMi4xMy4xLjE2OTYzMjM5NzMuMjMuMC4w,19
https://cdn0.fahasa.com/media/catalog/product/8/9/8935278605263.png,19
https://cdn0.fahasa.com/media/catalog/product/7/_/7_c_u_h_i_th_n_k_c_a_m_i_s_p_gi_i_-_b_a_4.png,19
https://cdn0.fahasa.com/media/catalog/product/i/m/image_195509_1_49944.jpg?_gl=1*1c31jmz*_ga*MTc1MzQxNjM2MS4xNjk1MjI3MDgw*_ga_460L9JMC2G*MTY5NjMyMjUxMi4xMy4xLjE2OTYzMjQwMTUuNTcuMC4w,20
https://cdn0.fahasa.com/media/flashmagazine/images/page_images/trai_nghiem_khach_hang_xuat_sac/2020_09_07_16_45_26_1-390x510.jpg,20
https://cdn0.fahasa.com/media/flashmagazine/images/page_images/trai_nghiem_khach_hang_xuat_sac/2020_09_07_16_45_26_2-390x510.jpg,20
https://cdn0.fahasa.com/media/flashmagazine/images/page_images/trai_nghiem_khach_hang_xuat_sac/2020_09_07_16_45_26_3-390x510.jpg,20
https://cdn0.fahasa.com/media/flashmagazine/images/page_images/trai_nghiem_khach_hang_xuat_sac/2020_09_07_16_45_26_4-390x510.jpg,20
https://cdn0.fahasa.com/media/catalog/product/l/_/l_m-m_i-v_n-t_m---b_a-1.jpg?_gl=1*1e2m76x*_ga*MTc1MzQxNjM2MS4xNjk1MjI3MDgw*_ga_460L9JMC2G*MTY5NjMyMjUxMi4xMy4xLjE2OTYzMjQxMzcuNTguMC4w,21
https://cdn0.fahasa.com/media/flashmagazine/images/page_images/lam_moi_vuon_tam/2023_06_19_16_56_22_1-390x510.jpg,21
https://cdn0.fahasa.com/media/flashmagazine/images/page_images/lam_moi_vuon_tam/2023_06_19_16_56_22_2-390x510.jpg,21
https://cdn0.fahasa.com/media/flashmagazine/images/page_images/lam_moi_vuon_tam/2023_06_19_16_56_22_3-390x510.jpg,21
https://cdn0.fahasa.com/media/flashmagazine/images/page_images/lam_moi_vuon_tam/2023_06_19_16_56_22_4-390x510.jpg,21
https://cdn0.fahasa.com/media/flashmagazine/images/page_images/lam_moi_vuon_tam/2023_06_19_16_56_22_5-390x510.jpg,21
https://cdn0.fahasa.com/media/catalog/product/8/9/8935278604327_11.jpg?_gl=1*1hlysan*_ga*MTc1MzQxNjM2MS4xNjk1MjI3MDgw*_ga_460L9JMC2G*MTY5NjMyMjUxMi4xMy4xLjE2OTYzMjQxOTMuMi4wLjA.,22
https://cdn0.fahasa.com/media/flashmagazine/images/page_images/cha_voi_day_con_nen_nguoi_o_thoi_dai_so/2022_12_29_17_05_36_1-390x510.jpg,22
https://cdn0.fahasa.com/media/flashmagazine/images/page_images/cha_voi_day_con_nen_nguoi_o_thoi_dai_so/2022_12_29_17_05_36_2-390x510.jpg,22
https://cdn0.fahasa.com/media/flashmagazine/images/page_images/cha_voi_day_con_nen_nguoi_o_thoi_dai_so/2022_12_29_17_05_36_3-390x510.jpg,22
https://cdn0.fahasa.com/media/flashmagazine/images/page_images/cha_voi_day_con_nen_nguoi_o_thoi_dai_so/2022_12_29_17_05_36_4-390x510.jpg,22
https://cdn0.fahasa.com/media/flashmagazine/images/page_images/cha_voi_day_con_nen_nguoi_o_thoi_dai_so/2022_12_29_17_05_36_5-390x510.jpg,22
https://cdn0.fahasa.com/media/flashmagazine/images/page_images/cha_voi_day_con_nen_nguoi_o_thoi_dai_so/2022_12_29_17_05_36_6-390x510.jpg,22
https://cdn0.fahasa.com/media/catalog/product/8/9/8935278605546.jpg?_gl=1*1dsztqp*_ga*MTc1MzQxNjM2MS4xNjk1MjI3MDgw*_ga_460L9JMC2G*MTY5NjMyMjUxMi4xMy4xLjE2OTYzMjQyNTkuNTcuMC4w,23
https://cdn0.fahasa.com/media/flashmagazine/images/page_images/30_tuoi___moi_thu_chi_moi_bat_dau/2023_02_24_11_34_47_1-390x510.jpg,23
https://cdn0.fahasa.com/media/flashmagazine/images/page_images/30_tuoi___moi_thu_chi_moi_bat_dau/2023_02_24_11_34_47_2-390x510.jpg,23
https://cdn0.fahasa.com/media/flashmagazine/images/page_images/30_tuoi___moi_thu_chi_moi_bat_dau/2023_02_24_11_34_47_3-390x510.jpg,23
https://cdn0.fahasa.com/media/flashmagazine/images/page_images/30_tuoi___moi_thu_chi_moi_bat_dau/2023_02_24_11_34_47_4-390x510.jpg,23
https://cdn0.fahasa.com/media/catalog/product/8/9/8935278607342.jpg?_gl=1*1gr485q*_ga*MTc1MzQxNjM2MS4xNjk1MjI3MDgw*_ga_460L9JMC2G*MTY5NjMyMjUxMi4xMy4xLjE2OTYzMjQzMDEuMTUuMC4w,24
https://cdn0.fahasa.com/media/catalog/product/8/9/8935278607342_1.png,24
https://cdn0.fahasa.com/media/catalog/product/8/9/8935278607342_2.png,24
